<?xml version="1.0" encoding="utf-8"?>
<control namespace="Niq.SubGrid" constructor="SubGridControl" version="1.0.0" display-name-key="SubGrid.DisplayName" description-key="SubGrid.Description">
  <resources>
    <code type="typescript" path="src/index.ts" />
    <style path="styles/oppstylereturns.css" />
  </resources>
  <property name="dataset" display-name-key="Dataset" of-type="SingleProperty" usage="bound">
    <description>Dataset provided by model-driven app (records to render)</description>
  </property>
  <property name="contextId" display-name-key="ContextId" of-type="SingleProperty" usage="input">
    <description>Current record id (optional)</description>
  </property>
  <events />
  <manifest>
    <control-surface type="grid">
    </control-surface>
  </manifest>
</control>
